RideController.java,edu.ucsb.cs156.gauchoride.controllers.RideController,org.pitest.mutationtest.engine.gregor.mutators.NegateConditionalsMutator,allRides,42,KILLED,edu.ucsb.cs156.gauchoride.controllers.RideControllerTests.[engine:junit-jupiter]/[class:edu.ucsb.cs156.gauchoride.controllers.RideControllerTests]/[method:logged_in_user_can_get_all_their_own_rides()]
RideController.java,edu.ucsb.cs156.gauchoride.controllers.RideController,org.pitest.mutationtest.engine.gregor.mutators.NegateConditionalsMutator,allRides,43,KILLED,edu.ucsb.cs156.gauchoride.controllers.RideControllerTests.[engine:junit-jupiter]/[class:edu.ucsb.cs156.gauchoride.controllers.RideControllerTests]/[method:logged_in_driver_can_get_all_rides()]
RideController.java,edu.ucsb.cs156.gauchoride.controllers.RideController,org.pitest.mutationtest.engine.gregor.mutators.returns.NullReturnValsMutator,allRides,49,KILLED,edu.ucsb.cs156.gauchoride.controllers.RideControllerTests.[engine:junit-jupiter]/[class:edu.ucsb.cs156.gauchoride.controllers.RideControllerTests]/[method:logged_in_driver_can_get_all_rides()]
RideController.java,edu.ucsb.cs156.gauchoride.controllers.RideController,org.pitest.mutationtest.engine.gregor.mutators.NegateConditionalsMutator,deleteRide,128,KILLED,edu.ucsb.cs156.gauchoride.controllers.RideControllerTests.[engine:junit-jupiter]/[class:edu.ucsb.cs156.gauchoride.controllers.RideControllerTests]/[method:user_tries_to_delete_non_existant_ride_and_gets_right_error_message()]
RideController.java,edu.ucsb.cs156.gauchoride.controllers.RideController,org.pitest.mutationtest.engine.gregor.mutators.NegateConditionalsMutator,deleteRide,129,KILLED,edu.ucsb.cs156.gauchoride.controllers.RideControllerTests.[engine:junit-jupiter]/[class:edu.ucsb.cs156.gauchoride.controllers.RideControllerTests]/[method:user_tries_to_delete_non_existant_ride_and_gets_right_error_message()]
RideController.java,edu.ucsb.cs156.gauchoride.controllers.RideController,org.pitest.mutationtest.engine.gregor.mutators.VoidMethodCallMutator,deleteRide,137,KILLED,edu.ucsb.cs156.gauchoride.controllers.RideControllerTests.[engine:junit-jupiter]/[class:edu.ucsb.cs156.gauchoride.controllers.RideControllerTests]/[method:admin_can_delete_any_ride()]
RideController.java,edu.ucsb.cs156.gauchoride.controllers.RideController,org.pitest.mutationtest.engine.gregor.mutators.returns.NullReturnValsMutator,deleteRide,138,KILLED,edu.ucsb.cs156.gauchoride.controllers.RideControllerTests.[engine:junit-jupiter]/[class:edu.ucsb.cs156.gauchoride.controllers.RideControllerTests]/[method:admin_can_delete_any_ride()]
RideController.java,edu.ucsb.cs156.gauchoride.controllers.RideController,org.pitest.mutationtest.engine.gregor.mutators.NegateConditionalsMutator,getById,61,KILLED,edu.ucsb.cs156.gauchoride.controllers.RideControllerTests.[engine:junit-jupiter]/[class:edu.ucsb.cs156.gauchoride.controllers.RideControllerTests]/[method:test_that_logged_in_admin_can_get_by_id_when_the_id_exists()]
RideController.java,edu.ucsb.cs156.gauchoride.controllers.RideController,org.pitest.mutationtest.engine.gregor.mutators.NegateConditionalsMutator,getById,62,KILLED,edu.ucsb.cs156.gauchoride.controllers.RideControllerTests.[engine:junit-jupiter]/[class:edu.ucsb.cs156.gauchoride.controllers.RideControllerTests]/[method:test_that_logged_in_driver_can_get_by_id_when_the_id_does_not_exist()]
RideController.java,edu.ucsb.cs156.gauchoride.controllers.RideController,org.pitest.mutationtest.engine.gregor.mutators.returns.NullReturnValsMutator,getById,70,KILLED,edu.ucsb.cs156.gauchoride.controllers.RideControllerTests.[engine:junit-jupiter]/[class:edu.ucsb.cs156.gauchoride.controllers.RideControllerTests]/[method:test_that_logged_in_admin_can_get_by_id_when_the_id_exists()]
RideController.java,edu.ucsb.cs156.gauchoride.controllers.RideController,org.pitest.mutationtest.engine.gregor.mutators.returns.NullReturnValsMutator,lambda$deleteRide$2,131,KILLED,edu.ucsb.cs156.gauchoride.controllers.RideControllerTests.[engine:junit-jupiter]/[class:edu.ucsb.cs156.gauchoride.controllers.RideControllerTests]/[method:driver_tries_to_delete_non_existant_ride_and_gets_right_error_message()]
RideController.java,edu.ucsb.cs156.gauchoride.controllers.RideController,org.pitest.mutationtest.engine.gregor.mutators.returns.NullReturnValsMutator,lambda$deleteRide$3,134,KILLED,edu.ucsb.cs156.gauchoride.controllers.RideControllerTests.[engine:junit-jupiter]/[class:edu.ucsb.cs156.gauchoride.controllers.RideControllerTests]/[method:user_tries_to_delete_non_existant_ride_and_gets_right_error_message()]
RideController.java,edu.ucsb.cs156.gauchoride.controllers.RideController,org.pitest.mutationtest.engine.gregor.mutators.returns.NullReturnValsMutator,lambda$getById$0,64,KILLED,edu.ucsb.cs156.gauchoride.controllers.RideControllerTests.[engine:junit-jupiter]/[class:edu.ucsb.cs156.gauchoride.controllers.RideControllerTests]/[method:test_that_logged_in_admin_can_get_by_id_when_the_id_does_not_exist()]
RideController.java,edu.ucsb.cs156.gauchoride.controllers.RideController,org.pitest.mutationtest.engine.gregor.mutators.returns.NullReturnValsMutator,lambda$getById$1,67,KILLED,edu.ucsb.cs156.gauchoride.controllers.RideControllerTests.[engine:junit-jupiter]/[class:edu.ucsb.cs156.gauchoride.controllers.RideControllerTests]/[method:logged_in_users_can_get_by_id_that_is_theirs()]
RideController.java,edu.ucsb.cs156.gauchoride.controllers.RideController,org.pitest.mutationtest.engine.gregor.mutators.returns.NullReturnValsMutator,lambda$updateRide$4,156,KILLED,edu.ucsb.cs156.gauchoride.controllers.RideControllerTests.[engine:junit-jupiter]/[class:edu.ucsb.cs156.gauchoride.controllers.RideControllerTests]/[method:admin_cannot_edit_ride_that_does_not_exist()]
RideController.java,edu.ucsb.cs156.gauchoride.controllers.RideController,org.pitest.mutationtest.engine.gregor.mutators.returns.NullReturnValsMutator,lambda$updateRide$5,159,KILLED,edu.ucsb.cs156.gauchoride.controllers.RideControllerTests.[engine:junit-jupiter]/[class:edu.ucsb.cs156.gauchoride.controllers.RideControllerTests]/[method:user_canot_edit_other_users_ride()]
RideController.java,edu.ucsb.cs156.gauchoride.controllers.RideController,org.pitest.mutationtest.engine.gregor.mutators.VoidMethodCallMutator,postRide,103,KILLED,edu.ucsb.cs156.gauchoride.controllers.RideControllerTests.[engine:junit-jupiter]/[class:edu.ucsb.cs156.gauchoride.controllers.RideControllerTests]/[method:a_user_can_post_a_new_ride()]
RideController.java,edu.ucsb.cs156.gauchoride.controllers.RideController,org.pitest.mutationtest.engine.gregor.mutators.VoidMethodCallMutator,postRide,104,KILLED,edu.ucsb.cs156.gauchoride.controllers.RideControllerTests.[engine:junit-jupiter]/[class:edu.ucsb.cs156.gauchoride.controllers.RideControllerTests]/[method:a_user_can_post_a_new_ride()]
RideController.java,edu.ucsb.cs156.gauchoride.controllers.RideController,org.pitest.mutationtest.engine.gregor.mutators.VoidMethodCallMutator,postRide,105,KILLED,edu.ucsb.cs156.gauchoride.controllers.RideControllerTests.[engine:junit-jupiter]/[class:edu.ucsb.cs156.gauchoride.controllers.RideControllerTests]/[method:a_user_can_post_a_new_ride()]
RideController.java,edu.ucsb.cs156.gauchoride.controllers.RideController,org.pitest.mutationtest.engine.gregor.mutators.VoidMethodCallMutator,postRide,106,KILLED,edu.ucsb.cs156.gauchoride.controllers.RideControllerTests.[engine:junit-jupiter]/[class:edu.ucsb.cs156.gauchoride.controllers.RideControllerTests]/[method:a_user_can_post_a_new_ride()]
RideController.java,edu.ucsb.cs156.gauchoride.controllers.RideController,org.pitest.mutationtest.engine.gregor.mutators.VoidMethodCallMutator,postRide,107,KILLED,edu.ucsb.cs156.gauchoride.controllers.RideControllerTests.[engine:junit-jupiter]/[class:edu.ucsb.cs156.gauchoride.controllers.RideControllerTests]/[method:a_user_can_post_a_new_ride()]
RideController.java,edu.ucsb.cs156.gauchoride.controllers.RideController,org.pitest.mutationtest.engine.gregor.mutators.VoidMethodCallMutator,postRide,108,KILLED,edu.ucsb.cs156.gauchoride.controllers.RideControllerTests.[engine:junit-jupiter]/[class:edu.ucsb.cs156.gauchoride.controllers.RideControllerTests]/[method:a_user_can_post_a_new_ride()]
RideController.java,edu.ucsb.cs156.gauchoride.controllers.RideController,org.pitest.mutationtest.engine.gregor.mutators.VoidMethodCallMutator,postRide,109,KILLED,edu.ucsb.cs156.gauchoride.controllers.RideControllerTests.[engine:junit-jupiter]/[class:edu.ucsb.cs156.gauchoride.controllers.RideControllerTests]/[method:a_user_can_post_a_new_ride()]
RideController.java,edu.ucsb.cs156.gauchoride.controllers.RideController,org.pitest.mutationtest.engine.gregor.mutators.VoidMethodCallMutator,postRide,110,KILLED,edu.ucsb.cs156.gauchoride.controllers.RideControllerTests.[engine:junit-jupiter]/[class:edu.ucsb.cs156.gauchoride.controllers.RideControllerTests]/[method:a_user_can_post_a_new_ride()]
RideController.java,edu.ucsb.cs156.gauchoride.controllers.RideController,org.pitest.mutationtest.engine.gregor.mutators.VoidMethodCallMutator,postRide,111,KILLED,edu.ucsb.cs156.gauchoride.controllers.RideControllerTests.[engine:junit-jupiter]/[class:edu.ucsb.cs156.gauchoride.controllers.RideControllerTests]/[method:a_user_can_post_a_new_ride()]
RideController.java,edu.ucsb.cs156.gauchoride.controllers.RideController,org.pitest.mutationtest.engine.gregor.mutators.returns.NullReturnValsMutator,postRide,115,KILLED,edu.ucsb.cs156.gauchoride.controllers.RideControllerTests.[engine:junit-jupiter]/[class:edu.ucsb.cs156.gauchoride.controllers.RideControllerTests]/[method:a_user_can_post_a_new_ride()]
RideController.java,edu.ucsb.cs156.gauchoride.controllers.RideController,org.pitest.mutationtest.engine.gregor.mutators.NegateConditionalsMutator,updateRide,153,KILLED,edu.ucsb.cs156.gauchoride.controllers.RideControllerTests.[engine:junit-jupiter]/[class:edu.ucsb.cs156.gauchoride.controllers.RideControllerTests]/[method:admin_can_edit_an_existing_ride()]
RideController.java,edu.ucsb.cs156.gauchoride.controllers.RideController,org.pitest.mutationtest.engine.gregor.mutators.NegateConditionalsMutator,updateRide,154,KILLED,edu.ucsb.cs156.gauchoride.controllers.RideControllerTests.[engine:junit-jupiter]/[class:edu.ucsb.cs156.gauchoride.controllers.RideControllerTests]/[method:user_canot_edit_other_users_ride()]
RideController.java,edu.ucsb.cs156.gauchoride.controllers.RideController,org.pitest.mutationtest.engine.gregor.mutators.VoidMethodCallMutator,updateRide,162,KILLED,edu.ucsb.cs156.gauchoride.controllers.RideControllerTests.[engine:junit-jupiter]/[class:edu.ucsb.cs156.gauchoride.controllers.RideControllerTests]/[method:admin_can_edit_an_existing_ride()]
RideController.java,edu.ucsb.cs156.gauchoride.controllers.RideController,org.pitest.mutationtest.engine.gregor.mutators.VoidMethodCallMutator,updateRide,163,KILLED,edu.ucsb.cs156.gauchoride.controllers.RideControllerTests.[engine:junit-jupiter]/[class:edu.ucsb.cs156.gauchoride.controllers.RideControllerTests]/[method:admin_can_edit_an_existing_ride()]
RideController.java,edu.ucsb.cs156.gauchoride.controllers.RideController,org.pitest.mutationtest.engine.gregor.mutators.VoidMethodCallMutator,updateRide,164,KILLED,edu.ucsb.cs156.gauchoride.controllers.RideControllerTests.[engine:junit-jupiter]/[class:edu.ucsb.cs156.gauchoride.controllers.RideControllerTests]/[method:admin_can_edit_an_existing_ride()]
RideController.java,edu.ucsb.cs156.gauchoride.controllers.RideController,org.pitest.mutationtest.engine.gregor.mutators.VoidMethodCallMutator,updateRide,165,KILLED,edu.ucsb.cs156.gauchoride.controllers.RideControllerTests.[engine:junit-jupiter]/[class:edu.ucsb.cs156.gauchoride.controllers.RideControllerTests]/[method:admin_can_edit_an_existing_ride()]
RideController.java,edu.ucsb.cs156.gauchoride.controllers.RideController,org.pitest.mutationtest.engine.gregor.mutators.VoidMethodCallMutator,updateRide,166,KILLED,edu.ucsb.cs156.gauchoride.controllers.RideControllerTests.[engine:junit-jupiter]/[class:edu.ucsb.cs156.gauchoride.controllers.RideControllerTests]/[method:admin_can_edit_an_existing_ride()]
RideController.java,edu.ucsb.cs156.gauchoride.controllers.RideController,org.pitest.mutationtest.engine.gregor.mutators.VoidMethodCallMutator,updateRide,167,KILLED,edu.ucsb.cs156.gauchoride.controllers.RideControllerTests.[engine:junit-jupiter]/[class:edu.ucsb.cs156.gauchoride.controllers.RideControllerTests]/[method:admin_can_edit_an_existing_ride()]
RideController.java,edu.ucsb.cs156.gauchoride.controllers.RideController,org.pitest.mutationtest.engine.gregor.mutators.VoidMethodCallMutator,updateRide,168,KILLED,edu.ucsb.cs156.gauchoride.controllers.RideControllerTests.[engine:junit-jupiter]/[class:edu.ucsb.cs156.gauchoride.controllers.RideControllerTests]/[method:admin_can_edit_an_existing_ride()]
RideController.java,edu.ucsb.cs156.gauchoride.controllers.RideController,org.pitest.mutationtest.engine.gregor.mutators.returns.NullReturnValsMutator,updateRide,172,KILLED,edu.ucsb.cs156.gauchoride.controllers.RideControllerTests.[engine:junit-jupiter]/[class:edu.ucsb.cs156.gauchoride.controllers.RideControllerTests]/[method:admin_can_edit_an_existing_ride()]
UsersController.java,edu.ucsb.cs156.gauchoride.controllers.UsersController,org.pitest.mutationtest.engine.gregor.mutators.VoidMethodCallMutator,deleteUser_Admin,66,KILLED,edu.ucsb.cs156.gauchoride.controllers.UsersControllerTests.[engine:junit-jupiter]/[class:edu.ucsb.cs156.gauchoride.controllers.UsersControllerTests]/[method:admin_can_delete_a_user()]
UsersController.java,edu.ucsb.cs156.gauchoride.controllers.UsersController,org.pitest.mutationtest.engine.gregor.mutators.returns.NullReturnValsMutator,deleteUser_Admin,68,KILLED,edu.ucsb.cs156.gauchoride.controllers.UsersControllerTests.[engine:junit-jupiter]/[class:edu.ucsb.cs156.gauchoride.controllers.UsersControllerTests]/[method:admin_can_delete_a_user()]
UsersController.java,edu.ucsb.cs156.gauchoride.controllers.UsersController,org.pitest.mutationtest.engine.gregor.mutators.returns.NullReturnValsMutator,lambda$deleteUser_Admin$1,64,KILLED,edu.ucsb.cs156.gauchoride.controllers.UsersControllerTests.[engine:junit-jupiter]/[class:edu.ucsb.cs156.gauchoride.controllers.UsersControllerTests]/[method:admin_tries_to_delete_non_existant_user_and_gets_right_error_message()]
UsersController.java,edu.ucsb.cs156.gauchoride.controllers.UsersController,org.pitest.mutationtest.engine.gregor.mutators.returns.NullReturnValsMutator,lambda$toggleAdmin$2,77,KILLED,edu.ucsb.cs156.gauchoride.controllers.UsersControllerTests.[engine:junit-jupiter]/[class:edu.ucsb.cs156.gauchoride.controllers.UsersControllerTests]/[method:admin_tries_to_toggleAdmin_non_existant_user_and_gets_right_error_message()]
UsersController.java,edu.ucsb.cs156.gauchoride.controllers.UsersController,org.pitest.mutationtest.engine.gregor.mutators.returns.NullReturnValsMutator,lambda$toggleDriver$3,89,KILLED,edu.ucsb.cs156.gauchoride.controllers.UsersControllerTests.[engine:junit-jupiter]/[class:edu.ucsb.cs156.gauchoride.controllers.UsersControllerTests]/[method:admin_tries_to_toggleDriver_non_existant_user_and_gets_right_error_message()]
UsersController.java,edu.ucsb.cs156.gauchoride.controllers.UsersController,org.pitest.mutationtest.engine.gregor.mutators.returns.NullReturnValsMutator,lambda$toggleRider$4,101,KILLED,edu.ucsb.cs156.gauchoride.controllers.UsersControllerTests.[engine:junit-jupiter]/[class:edu.ucsb.cs156.gauchoride.controllers.UsersControllerTests]/[method:admin_tries_to_toggle_rider_for_non_existant_user_and_gets_right_error_message()]
UsersController.java,edu.ucsb.cs156.gauchoride.controllers.UsersController,org.pitest.mutationtest.engine.gregor.mutators.returns.NullReturnValsMutator,lambda$users$0,54,KILLED,edu.ucsb.cs156.gauchoride.controllers.UsersControllerTests.[engine:junit-jupiter]/[class:edu.ucsb.cs156.gauchoride.controllers.UsersControllerTests]/[method:api_users__admin_logged_in__search_for_user_that_does_not_exist()]
UsersController.java,edu.ucsb.cs156.gauchoride.controllers.UsersController,org.pitest.mutationtest.engine.gregor.mutators.NegateConditionalsMutator,toggleAdmin,79,KILLED,edu.ucsb.cs156.gauchoride.controllers.UsersControllerTests.[engine:junit-jupiter]/[class:edu.ucsb.cs156.gauchoride.controllers.UsersControllerTests]/[method:admin_can_toggle_admin_status_of_a_user_from_false_to_true()]
UsersController.java,edu.ucsb.cs156.gauchoride.controllers.UsersController,org.pitest.mutationtest.engine.gregor.mutators.VoidMethodCallMutator,toggleAdmin,79,KILLED,edu.ucsb.cs156.gauchoride.controllers.UsersControllerTests.[engine:junit-jupiter]/[class:edu.ucsb.cs156.gauchoride.controllers.UsersControllerTests]/[method:admin_can_toggle_admin_status_of_a_user_from_false_to_true()]
UsersController.java,edu.ucsb.cs156.gauchoride.controllers.UsersController,org.pitest.mutationtest.engine.gregor.mutators.returns.NullReturnValsMutator,toggleAdmin,81,KILLED,edu.ucsb.cs156.gauchoride.controllers.UsersControllerTests.[engine:junit-jupiter]/[class:edu.ucsb.cs156.gauchoride.controllers.UsersControllerTests]/[method:admin_can_toggle_admin_status_of_a_user_from_false_to_true()]
UsersController.java,edu.ucsb.cs156.gauchoride.controllers.UsersController,org.pitest.mutationtest.engine.gregor.mutators.NegateConditionalsMutator,toggleDriver,91,KILLED,edu.ucsb.cs156.gauchoride.controllers.UsersControllerTests.[engine:junit-jupiter]/[class:edu.ucsb.cs156.gauchoride.controllers.UsersControllerTests]/[method:admin_can_toggle_driver_status_of_a_user_from_false_to_true()]
UsersController.java,edu.ucsb.cs156.gauchoride.controllers.UsersController,org.pitest.mutationtest.engine.gregor.mutators.VoidMethodCallMutator,toggleDriver,91,KILLED,edu.ucsb.cs156.gauchoride.controllers.UsersControllerTests.[engine:junit-jupiter]/[class:edu.ucsb.cs156.gauchoride.controllers.UsersControllerTests]/[method:admin_can_toggle_driver_status_of_a_user_from_false_to_true()]
UsersController.java,edu.ucsb.cs156.gauchoride.controllers.UsersController,org.pitest.mutationtest.engine.gregor.mutators.returns.NullReturnValsMutator,toggleDriver,93,KILLED,edu.ucsb.cs156.gauchoride.controllers.UsersControllerTests.[engine:junit-jupiter]/[class:edu.ucsb.cs156.gauchoride.controllers.UsersControllerTests]/[method:admin_can_toggle_driver_status_of_a_user_from_false_to_true()]
UsersController.java,edu.ucsb.cs156.gauchoride.controllers.UsersController,org.pitest.mutationtest.engine.gregor.mutators.NegateConditionalsMutator,toggleRider,103,KILLED,edu.ucsb.cs156.gauchoride.controllers.UsersControllerTests.[engine:junit-jupiter]/[class:edu.ucsb.cs156.gauchoride.controllers.UsersControllerTests]/[method:admin_can_toggle_rider_status_of_a_user_from_true_to_false()]
UsersController.java,edu.ucsb.cs156.gauchoride.controllers.UsersController,org.pitest.mutationtest.engine.gregor.mutators.VoidMethodCallMutator,toggleRider,103,KILLED,edu.ucsb.cs156.gauchoride.controllers.UsersControllerTests.[engine:junit-jupiter]/[class:edu.ucsb.cs156.gauchoride.controllers.UsersControllerTests]/[method:admin_can_toggle_rider_status_of_a_user_from_true_to_false()]
UsersController.java,edu.ucsb.cs156.gauchoride.controllers.UsersController,org.pitest.mutationtest.engine.gregor.mutators.returns.NullReturnValsMutator,toggleRider,105,KILLED,edu.ucsb.cs156.gauchoride.controllers.UsersControllerTests.[engine:junit-jupiter]/[class:edu.ucsb.cs156.gauchoride.controllers.UsersControllerTests]/[method:admin_can_toggle_rider_status_of_a_user_from_true_to_false()]
UsersController.java,edu.ucsb.cs156.gauchoride.controllers.UsersController,org.pitest.mutationtest.engine.gregor.mutators.returns.NullReturnValsMutator,users,44,KILLED,edu.ucsb.cs156.gauchoride.controllers.UsersControllerTests.[engine:junit-jupiter]/[class:edu.ucsb.cs156.gauchoride.controllers.UsersControllerTests]/[method:users__admin_logged_in()]
UsersController.java,edu.ucsb.cs156.gauchoride.controllers.UsersController,org.pitest.mutationtest.engine.gregor.mutators.returns.NullReturnValsMutator,users,55,KILLED,edu.ucsb.cs156.gauchoride.controllers.UsersControllerTests.[engine:junit-jupiter]/[class:edu.ucsb.cs156.gauchoride.controllers.UsersControllerTests]/[method:api_users__admin_logged_in__returns_a_user_that_exists()]
RoleInterceptor.java,edu.ucsb.cs156.gauchoride.interceptors.RoleInterceptor,org.pitest.mutationtest.engine.gregor.mutators.NegateConditionalsMutator,lambda$preHandle$0,50,KILLED,edu.ucsb.cs156.gauchoride.interceptors.RoleInterceptorTests.[engine:junit-jupiter]/[class:edu.ucsb.cs156.gauchoride.interceptors.RoleInterceptorTests]/[method:updates_driver_role_when_user_driver_false()]
RoleInterceptor.java,edu.ucsb.cs156.gauchoride.interceptors.RoleInterceptor,org.pitest.mutationtest.engine.gregor.mutators.NegateConditionalsMutator,lambda$preHandle$0,51,KILLED,edu.ucsb.cs156.gauchoride.interceptors.RoleInterceptorTests.[engine:junit-jupiter]/[class:edu.ucsb.cs156.gauchoride.interceptors.RoleInterceptorTests]/[method:updates_driver_role_when_user_driver_false()]
RoleInterceptor.java,edu.ucsb.cs156.gauchoride.interceptors.RoleInterceptor,org.pitest.mutationtest.engine.gregor.mutators.returns.BooleanTrueReturnValsMutator,lambda$preHandle$0,50,KILLED,edu.ucsb.cs156.gauchoride.interceptors.RoleInterceptorTests.[engine:junit-jupiter]/[class:edu.ucsb.cs156.gauchoride.interceptors.RoleInterceptorTests]/[method:updates_driver_role_when_user_driver_false()]
RoleInterceptor.java,edu.ucsb.cs156.gauchoride.interceptors.RoleInterceptor,org.pitest.mutationtest.engine.gregor.mutators.NegateConditionalsMutator,preHandle,42,KILLED,edu.ucsb.cs156.gauchoride.controllers.UsersControllerTests.[engine:junit-jupiter]/[class:edu.ucsb.cs156.gauchoride.controllers.UsersControllerTests]/[method:users__logged_out()]
RoleInterceptor.java,edu.ucsb.cs156.gauchoride.interceptors.RoleInterceptor,org.pitest.mutationtest.engine.gregor.mutators.NegateConditionalsMutator,preHandle,46,KILLED,edu.ucsb.cs156.gauchoride.interceptors.RoleInterceptorTests.[engine:junit-jupiter]/[class:edu.ucsb.cs156.gauchoride.interceptors.RoleInterceptorTests]/[method:updates_driver_role_when_user_driver_false()]
RoleInterceptor.java,edu.ucsb.cs156.gauchoride.interceptors.RoleInterceptor,org.pitest.mutationtest.engine.gregor.mutators.NegateConditionalsMutator,preHandle,53,KILLED,edu.ucsb.cs156.gauchoride.interceptors.RoleInterceptorTests.[engine:junit-jupiter]/[class:edu.ucsb.cs156.gauchoride.interceptors.RoleInterceptorTests]/[method:updates_driver_role_when_user_driver_false()]
RoleInterceptor.java,edu.ucsb.cs156.gauchoride.interceptors.RoleInterceptor,org.pitest.mutationtest.engine.gregor.mutators.NegateConditionalsMutator,preHandle,56,KILLED,edu.ucsb.cs156.gauchoride.interceptors.RoleInterceptorTests.[engine:junit-jupiter]/[class:edu.ucsb.cs156.gauchoride.interceptors.RoleInterceptorTests]/[method:updates_driver_role_when_user_driver_false()]
RoleInterceptor.java,edu.ucsb.cs156.gauchoride.interceptors.RoleInterceptor,org.pitest.mutationtest.engine.gregor.mutators.VoidMethodCallMutator,preHandle,61,KILLED,edu.ucsb.cs156.gauchoride.interceptors.RoleInterceptorTests.[engine:junit-jupiter]/[class:edu.ucsb.cs156.gauchoride.interceptors.RoleInterceptorTests]/[method:updates_driver_role_when_user_driver_false()]
RoleInterceptor.java,edu.ucsb.cs156.gauchoride.interceptors.RoleInterceptor,org.pitest.mutationtest.engine.gregor.mutators.returns.BooleanFalseReturnValsMutator,preHandle,64,KILLED,edu.ucsb.cs156.gauchoride.controllers.UsersControllerTests.[engine:junit-jupiter]/[class:edu.ucsb.cs156.gauchoride.controllers.UsersControllerTests]/[method:users__logged_out()]
ShiftController.java,edu.ucsb.cs156.gauchoride.controllers.ShiftController,org.pitest.mutationtest.engine.gregor.mutators.returns.NullReturnValsMutator,allShifts,47,KILLED,edu.ucsb.cs156.gauchoride.controllers.ShiftControllerTests.[engine:junit-jupiter]/[class:edu.ucsb.cs156.gauchoride.controllers.ShiftControllerTests]/[method:logged_in_user_can_get_all_shifts()]
ShiftController.java,edu.ucsb.cs156.gauchoride.controllers.ShiftController,org.pitest.mutationtest.engine.gregor.mutators.returns.NullReturnValsMutator,lambda$shiftByID$0,57,KILLED,edu.ucsb.cs156.gauchoride.controllers.ShiftControllerTests.[engine:junit-jupiter]/[class:edu.ucsb.cs156.gauchoride.controllers.ShiftControllerTests]/[method:logged_in_admin_can_get_by_id()]
ShiftController.java,edu.ucsb.cs156.gauchoride.controllers.ShiftController,org.pitest.mutationtest.engine.gregor.mutators.VoidMethodCallMutator,postShift,75,KILLED,edu.ucsb.cs156.gauchoride.controllers.ShiftControllerTests.[engine:junit-jupiter]/[class:edu.ucsb.cs156.gauchoride.controllers.ShiftControllerTests]/[method:a_driver_can_post_a_new_shift()]
ShiftController.java,edu.ucsb.cs156.gauchoride.controllers.ShiftController,org.pitest.mutationtest.engine.gregor.mutators.VoidMethodCallMutator,postShift,76,KILLED,edu.ucsb.cs156.gauchoride.controllers.ShiftControllerTests.[engine:junit-jupiter]/[class:edu.ucsb.cs156.gauchoride.controllers.ShiftControllerTests]/[method:a_driver_can_post_a_new_shift()]
ShiftController.java,edu.ucsb.cs156.gauchoride.controllers.ShiftController,org.pitest.mutationtest.engine.gregor.mutators.VoidMethodCallMutator,postShift,77,KILLED,edu.ucsb.cs156.gauchoride.controllers.ShiftControllerTests.[engine:junit-jupiter]/[class:edu.ucsb.cs156.gauchoride.controllers.ShiftControllerTests]/[method:a_driver_can_post_a_new_shift()]
ShiftController.java,edu.ucsb.cs156.gauchoride.controllers.ShiftController,org.pitest.mutationtest.engine.gregor.mutators.VoidMethodCallMutator,postShift,78,KILLED,edu.ucsb.cs156.gauchoride.controllers.ShiftControllerTests.[engine:junit-jupiter]/[class:edu.ucsb.cs156.gauchoride.controllers.ShiftControllerTests]/[method:a_driver_can_post_a_new_shift()]
ShiftController.java,edu.ucsb.cs156.gauchoride.controllers.ShiftController,org.pitest.mutationtest.engine.gregor.mutators.VoidMethodCallMutator,postShift,79,KILLED,edu.ucsb.cs156.gauchoride.controllers.ShiftControllerTests.[engine:junit-jupiter]/[class:edu.ucsb.cs156.gauchoride.controllers.ShiftControllerTests]/[method:a_driver_can_post_a_new_shift()]
ShiftController.java,edu.ucsb.cs156.gauchoride.controllers.ShiftController,org.pitest.mutationtest.engine.gregor.mutators.returns.NullReturnValsMutator,postShift,83,KILLED,edu.ucsb.cs156.gauchoride.controllers.ShiftControllerTests.[engine:junit-jupiter]/[class:edu.ucsb.cs156.gauchoride.controllers.ShiftControllerTests]/[method:a_driver_can_post_a_new_shift()]
ShiftController.java,edu.ucsb.cs156.gauchoride.controllers.ShiftController,org.pitest.mutationtest.engine.gregor.mutators.returns.NullReturnValsMutator,shiftByID,58,KILLED,edu.ucsb.cs156.gauchoride.controllers.ShiftControllerTests.[engine:junit-jupiter]/[class:edu.ucsb.cs156.gauchoride.controllers.ShiftControllerTests]/[method:test_that_logged_in_admin_can_get_by_id_when_the_id_exists()]
ApiController.java,edu.ucsb.cs156.gauchoride.controllers.ApiController,org.pitest.mutationtest.engine.gregor.mutators.returns.NullReturnValsMutator,genericMessage,45,KILLED,edu.ucsb.cs156.gauchoride.controllers.UsersControllerTests.[engine:junit-jupiter]/[class:edu.ucsb.cs156.gauchoride.controllers.UsersControllerTests]/[method:admin_can_delete_a_user()]
ApiController.java,edu.ucsb.cs156.gauchoride.controllers.ApiController,org.pitest.mutationtest.engine.gregor.mutators.returns.NullReturnValsMutator,getCurrentUser,35,KILLED,edu.ucsb.cs156.gauchoride.controllers.UserInfoControllerTests.[engine:junit-jupiter]/[class:edu.ucsb.cs156.gauchoride.controllers.UserInfoControllerTests]/[method:currentUser__logged_in()]
ApiController.java,edu.ucsb.cs156.gauchoride.controllers.ApiController,org.pitest.mutationtest.engine.gregor.mutators.returns.NullReturnValsMutator,handleGenericException,55,KILLED,edu.ucsb.cs156.gauchoride.controllers.UsersControllerTests.[engine:junit-jupiter]/[class:edu.ucsb.cs156.gauchoride.controllers.UsersControllerTests]/[method:admin_tries_to_delete_non_existant_user_and_gets_right_error_message()]
CurrentUserService.java,edu.ucsb.cs156.gauchoride.services.CurrentUserService,org.pitest.mutationtest.engine.gregor.mutators.NegateConditionalsMutator,isLoggedIn,16,KILLED,edu.ucsb.cs156.gauchoride.services.CurrentUserServiceTests.[engine:junit-jupiter]/[class:edu.ucsb.cs156.gauchoride.services.CurrentUserServiceTests]/[method:test_isLoggedIn_returns_false()]
CurrentUserService.java,edu.ucsb.cs156.gauchoride.services.CurrentUserService,org.pitest.mutationtest.engine.gregor.mutators.returns.BooleanTrueReturnValsMutator,isLoggedIn,16,KILLED,edu.ucsb.cs156.gauchoride.services.CurrentUserServiceTests.[engine:junit-jupiter]/[class:edu.ucsb.cs156.gauchoride.services.CurrentUserServiceTests]/[method:test_isLoggedIn_returns_false()]
SystemInfoController.java,edu.ucsb.cs156.gauchoride.controllers.SystemInfoController,org.pitest.mutationtest.engine.gregor.mutators.returns.NullReturnValsMutator,getSystemInfo,32,KILLED,edu.ucsb.cs156.gauchoride.controllers.SystemInfoControllerTests.[engine:junit-jupiter]/[class:edu.ucsb.cs156.gauchoride.controllers.SystemInfoControllerTests]/[method:systemInfo__admin_logged_in()]
UserInfoController.java,edu.ucsb.cs156.gauchoride.controllers.UserInfoController,org.pitest.mutationtest.engine.gregor.mutators.returns.NullReturnValsMutator,getCurrentUser,24,KILLED,edu.ucsb.cs156.gauchoride.controllers.UserInfoControllerTests.[engine:junit-jupiter]/[class:edu.ucsb.cs156.gauchoride.controllers.UserInfoControllerTests]/[method:currentUser__logged_in()]
SystemInfoServiceImpl.java,edu.ucsb.cs156.gauchoride.services.SystemInfoServiceImpl,org.pitest.mutationtest.engine.gregor.mutators.returns.NullReturnValsMutator,getSystemInfo,31,KILLED,edu.ucsb.cs156.gauchoride.services.SystemInfoServiceImplTests.[engine:junit-jupiter]/[class:edu.ucsb.cs156.gauchoride.services.SystemInfoServiceImplTests]/[method:test_getSystemInfo()]
GrantedAuthoritiesService.java,edu.ucsb.cs156.gauchoride.services.GrantedAuthoritiesService,org.pitest.mutationtest.engine.gregor.mutators.returns.EmptyObjectReturnValsMutator,getGrantedAuthorities,22,KILLED,edu.ucsb.cs156.gauchoride.services.GrantedAuthoritiesServiceTests.[engine:junit-jupiter]/[class:edu.ucsb.cs156.gauchoride.services.GrantedAuthoritiesServiceTests]/[method:test_getGrantedAuthorities()]
CSRFController.java,edu.ucsb.cs156.gauchoride.controllers.CSRFController,org.pitest.mutationtest.engine.gregor.mutators.returns.NullReturnValsMutator,csrf,18,KILLED,edu.ucsb.cs156.gauchoride.controllers.CSRFControllerTests.[engine:junit-jupiter]/[class:edu.ucsb.cs156.gauchoride.controllers.CSRFControllerTests]/[method:csrf_returns_ok()]
